Product_Name,Price,Ratings,Product_Link
"Lenovo IdeaPad 3 14"" Laptop, 14.0"" FHD (1920 x 1080) Display, AMD Ryzen 5 3500U Processor, 8GB DDR4 RAM, 256GB SSD, AMD Radeon Vega 8 Graphics, Narrow Bezel, Windows 10, 81W0003QUS, Abyss Blue",$449.99,3.8 out of 5 stars,https://www.amazon.com/gp/slredirect/picassoRedirect.html/ref=pa_sp_atf_next_aps_sr_pg2_1?ie=UTF8&adId=A0297331Z50AE1TOREMZ&url=%2FLenovo-IdeaPad-Processor-Graphics-81W0003QUS%2Fdp%2FB0862269YP%2Fref%3Dsr_1_17_sspa%3Fdchild%3D1%26keywords%3Ddell%2Blaptop%26qid%3D1594146124%26sr%3D8-17-spons%26psc%3D1&qualifier=1594146124&id=902168056034119&widgetName=sp_atf_next
"BMAX 13.3"" 2 in 1 FHD Touchscreen Laptop Computer, Intel Quad-Core Celeron N4120, 8GB DDR4, 256GB M.2 SSD, 2 Type-C Ports, LED Backlit Keyboard, AC WiFi + BT 5.0, Windows 10, All-Metal Body",$384.00,3.7 out of 5 stars,https://www.amazon.com/gp/slredirect/picassoRedirect.html/ref=pa_sp_atf_next_aps_sr_pg2_1?ie=UTF8&adId=A073164717S895HFDZV0R&url=%2FConvertible-Touchscreen-Backlit-Keyboard-All-Metal%2Fdp%2FB07XMDTNYQ%2Fref%3Dsr_1_18_sspa%3Fdchild%3D1%26keywords%3Ddell%2Blaptop%26qid%3D1594146124%26sr%3D8-18-spons%26psc%3D1&qualifier=1594146124&id=902168056034119&widgetName=sp_atf_next
"2018 Dell Inspiron 13 7000 2-in-1 13.3"" FHD Touchscreen Laptop Computer, AMD Quad-Core Ryzen 5 2500U up to 3.6GHz(Beat i7-7500U), 8GB DDR4, 256GB SSD, AC WiFi + BT 4.1, USB Type-C, HDMI, Windows 10",$648.01,3.9 out of 5 stars,https://www.amazon.com/Dell-Inspiron-Touchscreen-Computer-Quad-Core/dp/B07D56W5KF/ref=sr_1_19?dchild=1&keywords=dell+laptop&qid=1594146124&sr=8-19
"Dell Inspiron 17 3793 2020 Premium 17.3” FHD Laptop Notebook Computer, 10th Gen 4-Core Intel Core i5-1035G1 1.0 GHz, 16GB RAM, 512GB SSD + 1TB HDD, DVD,Webcam,Bluetooth,Wi-Fi,HDMI, Win 10 Home",$0,4.6 out of 5 stars,https://www.amazon.com/Dell-Inspiron-Notebook-i5-1035G1-Bluetooth/dp/B082MSPDL8/ref=sr_1_20?dchild=1&keywords=dell+laptop&qid=1594146124&sr=8-20
"Dell Inspiron 15 5593, i5593-5964SLV-PUS, 10th Gen Intel Core i5-1035G1, 8GB, 512 SSD, 15.6-Inch Fhd(1920X1080)",$0,3.9 out of 5 stars,https://www.amazon.com/Dell-i5593-5964SLV-PUS-i5-1035G1-15-6-Inch-1920X1080/dp/B07XYS834Z/ref=sr_1_21?dchild=1&keywords=dell+laptop&qid=1594146124&sr=8-21
"Dell G5 15 Gaming Laptop (Windows 10 Home, 9th Gen Intel Core i7-9750H, NVIDIA GTX 1650, 15.6"" FHD LCD Screen, 256GB SSD and 1TB SATA, 16 GB RAM) G5590-7679BLK-PUS","$1,269.00",4.3 out of 5 stars,https://www.amazon.com/Dell-Gaming-Windows-i7-9750H-G5590-7679BLK-PUS/dp/B07R7XCZD7/ref=sr_1_22?dchild=1&keywords=dell+laptop&qid=1594146124&sr=8-22
"2019_Dell Inspiron 3000 15.6-inch HD Anti-Glare LED-Backlit Display Laptop, Intel Celeron Processor N4000, 4GB RAM, 1TB HDD, DVD, Webcam, Wireless+Bluetooth, HDMI，Window 10",$398.98,3.7 out of 5 stars,https://www.amazon.com/2019_Dell-15-6-inch-Anti-Glare-LED-Backlit-HDMI%EF%BC%8CWindow/dp/B07ZCZ1XSC/ref=sr_1_23?dchild=1&keywords=dell+laptop&qid=1594146124&sr=8-23
"2019 Newest Dell Inspiron 15 5000 15.6"" Full HD FHD Touchscreen (1920x1080) Business Laptop (Intel Quad-Core i7-8550U, 16GB DDR4 RAM, 512GB SSD) HDMI, Backlit Keyboard, UHD 620, Windows 10",$0,3.9 out of 5 stars,https://www.amazon.com/Dell-Inspiron-5000-Quad-Core-retroiluminado/dp/B07RY4WH7L/ref=sr_1_24?dchild=1&keywords=dell+laptop&qid=1594146124&sr=8-24
"Dell Inspiron 15 Touchscreen HD Laptop Bundle with WOOV Accessory, 10th Gen Intel Core i3-1005G1, 8GB RAM, 256GB PCIe SSD, Wireless-AC, HDMI, Windows 10 Home - Black",$496.46,4.2 out of 5 stars,https://www.amazon.com/Dell-Touchscreen-Accessory-i3-1005G1-Wireless-AC/dp/B087BXC2TD/ref=sr_1_25?dchild=1&keywords=dell+laptop&qid=1594146124&sr=8-25
"2020 Dell Inspiron 5000 15.6-inch FHD Touchscreen Laptop PC, Intel 10th Gen Quad Core i7-1065G7 Processor, 8GB DDR4 Memory, 512GB SSD, Backlit Keyboard, Bluetooth, Windows 10, Silver",$864.50,4.5 out of 5 stars,https://www.amazon.com/Dell-5000-i7-1065G7-retroiluminado-Bluetooth/dp/B087Q1F133/ref=sr_1_26?dchild=1&keywords=dell+laptop&qid=1594146124&sr=8-26
"LG Gram Laptop - 14"" Full HD IPS Display, Intel 10th Gen Core i5-1035G7 CPU, 8GB RAM, 256GB M.2 NVMe SSD, Thunderbolt 3, 18.5 Hour Battery Life - 14Z90N (2020) (14Z90N-U.ARW5U1)","$1,046.99",4.4 out of 5 stars,https://www.amazon.com/gp/slredirect/picassoRedirect.html/ref=pa_sp_mtf_aps_sr_pg2_1?ie=UTF8&adId=A0425863UJOT8SGM2H1O&url=%2F14Z90N-U-ARW5U1%2Fdp%2FB082XQWNPY%2Fref%3Dsr_1_27_sspa%3Fdchild%3D1%26keywords%3Ddell%2Blaptop%26qid%3D1594146124%26sr%3D8-27-spons%26psc%3D1&qualifier=1594146124&id=902168056034119&widgetName=sp_mtf
"LG Gram Laptop - 17"" IPS WQXGA (2560 x 1600) Intel 10th Gen Core i7 1065G7 CPU, 16GB RAM, 1TB M.2 NVMe SSD (512GB x2), 17 Hour Battery, Thunderbolt 3 - 17Z90N (2020)","$1,696.99",4.4 out of 5 stars,https://www.amazon.com/gp/slredirect/picassoRedirect.html/ref=pa_sp_mtf_aps_sr_pg2_1?ie=UTF8&adId=A03949633GFDGYKWOFRV9&url=%2FLG-Gram-Laptop-Battery-Thunderbolt%2Fdp%2FB082XQR86P%2Fref%3Dsr_1_28_sspa%3Fdchild%3D1%26keywords%3Ddell%2Blaptop%26qid%3D1594146124%26sr%3D8-28-spons%26psc%3D1&qualifier=1594146124&id=902168056034119&widgetName=sp_mtf
"Dell Inspiron 15 5000, 2019 15.6"" FHD Touchscreen Laptop, Intel 4-Core i5-8265U, 12GB RAM, 256GB PCIe SSD by 16GB Optane, 1TB HDD, Backlit KB Fingerprint Reader MaxxAudio Win 10/Accessories Bundle",$0,4.1 out of 5 stars,https://www.amazon.com/Dell-Inspiron-procesador-retroiluminado-Wireless-AC/dp/B07WTZC3JS/ref=sr_1_29?dchild=1&keywords=dell+laptop&qid=1594146124&sr=8-29
"Dell Inspiron 11 3195, 2 in 1, 7th Gen AMD A9-9420e W/ Radeon R5 Graphics, 4GB DDR4 2666MHz RAM, 64GB HD, 11.6"" HD (1366 X 768) LED-Backlit Touch Display (i3195-A525GRY-PUS)",$321.00,3.9 out of 5 stars,https://www.amazon.com/Dell-Inspiron-A9-9420e-Graphics-LED-Backlit/dp/B07S37WHS5/ref=sr_1_30?dchild=1&keywords=dell+laptop&qid=1594146124&sr=8-30
"Dell Inspiron 13 2-in-1 7386-13.3"" FHD Touch - i5-8265U - 8GB - 256GB SSD - Silver, Model:dell i7386-5038slv-pus",$0,4.4 out of 5 stars,https://www.amazon.com/Dell-Inspiron-7386-13-3-FHD-Touch/dp/B07LDVX6R6/ref=sr_1_31?dchild=1&keywords=dell+laptop&qid=1594146124&sr=8-31
"Dell Inspiron 13 7000 7370 Laptop - (13.3"" Touchscreen IPS FHD (1920x1080), 8th Gen Intel Quad-Core i5-8250U, 256GB SSD, 8GB DDR4, Backlit Keyboard, Windows 10)",$0,3.8 out of 5 stars,https://www.amazon.com/Dell-Inspiron-7000-7370-Laptop/dp/B0764N2QL3/ref=sr_1_32?dchild=1&keywords=dell+laptop&qid=1594146124&sr=8-32
"Dell Inspiron 15 Touchscreen HD Laptop Bundle with WOOV Accessory, 10th Gen Intel Core i3-1005G1, 12GB RAM, 512GB PCIe SSD, Bluetooth, Windows 10 Home - Black",$555.52,4.6 out of 5 stars,https://www.amazon.com/Dell-Touchscreen-Accessory-i3-1005G1-Bluetooth/dp/B087BXH5T8/ref=sr_1_33?dchild=1&keywords=dell+laptop&qid=1594146124&sr=8-33
"Dell Inspiron 15.6-inch HD Display Laptop PC, Intel Core i3-7130U 2.7GHz Processor, 8GB DDR4, 128GB SSD, Stereo Speakers, WiFi, Bluetooth, MaxxAudio, HDMI, No DVD, Intel HD Graphics 620, Windows 10",$550.00,4.2 out of 5 stars,https://www.amazon.com/Dell-Inspiron-15-6-inch-Processor-Bluetooth/dp/B07H9L93KW/ref=sr_1_34?dchild=1&keywords=dell+laptop&qid=1594146124&sr=8-34
"2018 Dell Inspiron 15 5000 15.6 inch Full HD Touchscreen Backlit Keyboard Laptop PC, Intel Core i5-8250U Quad-Core, 8GB DDR4, 1TB HDD, Bluetooth 4.2, WiFi, Windows 10 dell i5570-4364slv-pus",$829.00,3.8 out of 5 stars,https://www.amazon.com/Dell-Inspiron-Keyboard-Quad-Core-Bluetooth/dp/B077T46GLP/ref=sr_1_35?dchild=1&keywords=dell+laptop&qid=1594146124&sr=8-35
"Dell Inspiron 15 5000 Laptop Computer 2019, 15.6 inch FHD Touchscreen Notebook, Intel Core i3-8130U 2.2Ghz, 8GB DDR4 RAM, 128GB SSD + 1TB HDD, Wi-Fi, Webcam, Windows 10",$0,4.4 out of 5 stars,https://www.amazon.com/Dell-Inspiron-Computer-Touchscreen-Notebook/dp/B07T3DDX2C/ref=sr_1_36?dchild=1&keywords=dell+laptop&qid=1594146124&sr=8-36
"LG Gram Laptop - 15.6"" IPS Touchscreen, Intel 10th Gen Core i7-1065G7 CPU, 8GB RAM, 256GB M.2 MVMe SSD, 17 Hours Battery, Thunderbolt 3 - 15Z90N (2020)","$1,596.99",4.1 out of 5 stars,https://www.amazon.com/gp/slredirect/picassoRedirect.html/ref=pa_sp_btf_aps_sr_pg2_1?ie=UTF8&adId=A07425822OSA1WH0Y5LX&url=%2FLG-Gram-Laptop-Touchscreen-Thunderbolt%2Fdp%2FB082XRQFZ7%2Fref%3Dsr_1_37_sspa%3Fdchild%3D1%26keywords%3Ddell%2Blaptop%26qid%3D1594146124%26sr%3D8-37-spons%26psc%3D1&qualifier=1594146124&id=902168056034119&widgetName=sp_btf
"LG Gram Laptop - 14"" Full HD IPS Display, Intel 10th Gen Core i7-1065G7 CPU, 16GB RAM, 512GB M.2 MVMe SSD, Thunderbolt 3, 18.5 Hour Battery Life - 14Z90N (2020)","$1,299.00",4.2 out of 5 stars,https://www.amazon.com/gp/slredirect/picassoRedirect.html/ref=pa_sp_btf_aps_sr_pg2_1?ie=UTF8&adId=A0148824MP5IU3W5ST0O&url=%2FLG-Gram-Laptop-i7-1065G7-Thunderbolt%2Fdp%2FB084QDV1YW%2Fref%3Dsr_1_38_sspa%3Fdchild%3D1%26keywords%3Ddell%2Blaptop%26qid%3D1594146124%26sr%3D8-38-spons%26psc%3D1&qualifier=1594146124&id=902168056034119&widgetName=sp_btf
"Latest Dell Business Laptop Inspiron 15 5593: 10th Gen Core i5-1035G1, 256GB SSD, 8GB RAM, 15.6"" Full HD Display, Backlit Keyboard, Windows 10 Pro",$705.00,-1,https://www.amazon.com/Latest-Dell-Business-Inspiron-5593/dp/B085X6QQXM/ref=sr_1_33?dchild=1&keywords=dell+laptop&qid=1594146124&sr=8-33
"2019 Dell Inspiron 15 15.6'' High Performance Laptop Computer, Intel Celeron N4000 up to 2.6GHz, 4GB DDR4 RAM, 1TB HDD, DVD-RW, 802.11ac WiFi, Bluetooth 4.1, USB 3.1, HDMI, Window 10 Home",$399.00,3.4 out of 5 stars,https://www.amazon.com/Dell-Inspiron-15-Performance-Bluetooth/dp/B07T4M3B3P/ref=sr_1_34?dchild=1&keywords=dell+laptop&qid=1594146124&sr=8-34
"Dell Inspiron 11.6"" HD Chromebook, Intel Dual-Core Celeron N3060 up to 2.48GHz, 4GB RAM, HDMI, USB 3.0, Bluetooth, 802.11ac, HD Webcam, Chrome OS - Black (32GB eMMC)",$338.00,4.4 out of 5 stars,https://www.amazon.com/Dell-Inspiron-Chromebook-Dual-Core-Bluetooth/dp/B07SGD19GL/ref=sr_1_35?dchild=1&keywords=dell+laptop&qid=1594146124&sr=8-35
"2019 Dell Latitude 3500 15.6"" FHD Business Laptop Computer, 8th Gen Intel Quad-Core i5-8265U up to 3.9GHz, 8GB DDR4 RAM, 256GB SSD, 802.11ac WiFi, Bluetooth 5.0, USB 3.1, HDMI, Windows 10 Professional",$899.00,-1,https://www.amazon.com/Dell-3500-Quad-Core-Bluetooth-Professional/dp/B07X5SQ65K/ref=sr_1_36?dchild=1&keywords=dell+laptop&qid=1594146124&sr=8-36
"Dell Inspiron 2020 Premium 14” HD Laptop Notebook Computer, 4-Core 10th Gen Intel Core i5-1035G4 up to 3.7 GHz, Iris Plus Graphics, 8GB RAM, 512GB SSD, No DVD,Webcam,Bluetooth,Wi-Fi,HDMI,Windows 10",$0,3.5 out of 5 stars,https://www.amazon.com/Dell-Inspiron-Notebook-i5-1035G4-Bluetooth/dp/B0821PZR4K/ref=sr_1_37?dchild=1&keywords=dell+laptop&qid=1594146124&sr=8-37
"Dell Latitude 3500 Laptop, 15.6"" HD (1366 x 768) Non-Touch, 8th Gen Intel Core i3-8145U, 8GB RAM, 500GB Hard Drive, Windows 10 Pro",$599.00,-1,https://www.amazon.com/Dell-Latitude-3500-Non-Touch-i3-8145U/dp/B088C1XVL6/ref=sr_1_38?dchild=1&keywords=dell+laptop&qid=1594146124&sr=8-38
"Dell Inspiron 15 5000 Series Laptop, 15.6"" Full HD Touchscreen, Intel Core i3-8130U Processor up to 3.40GHz, 8GB DDR4 RAM, 128GB PCIe NVMe M.2 SSD, HDMI, Wireless-AC, Bluetooth, Windows 10 Home, Black",$543.00,4.2 out of 5 stars,https://www.amazon.com/Dell-Inspiron-Touchscreen-Processor-Wireless-AC/dp/B0864X7RTG/ref=sr_1_39?dchild=1&keywords=dell+laptop&qid=1594146124&sr=8-39
"2019 Dell Inspiron 15 5000 5570 Intel Core i7-8550U 12 GB DDR4 1TB HDD 15.6"" Full HD Touchscreen LED Silver Laptop","$1,499.11",3.5 out of 5 stars,https://www.amazon.com/Inspiron-i7-8550U-Pantalla-t%C3%A1ctil-Port%C3%A1til/dp/B07ML5ZVZY/ref=sr_1_40?dchild=1&keywords=dell+laptop&qid=1594146124&sr=8-40
"2019 Dell G3 Gaming Laptop Computer| 15.6"" FHD Screen| 9th Gen Intel Quad-Core i5-9300H up to 4.1GHz| 8GB DDR4| 512GB PCIE SSD| GeForce GTX 1660 Ti 6GB| USB 3.0| HDMI| Windows 10",$909.00,4.1 out of 5 stars,https://www.amazon.com/Dell-G3-Gaming-Computer-Quad-Core/dp/B07VKZY7KV/ref=sr_1_41?dchild=1&keywords=dell+laptop&qid=1594146124&sr=8-41
"Dell Inspiron 15 5000 Laptop, 15.6-Inch FHD (1920 X 1080) IPS, Intel i7-8565, Nvidia(R) Geforce(R) MX250 with 2GB Gddr, 8GB DDR4 RAM, 128 GB SSD+1TB HD",$0,3.8 out of 5 stars,https://www.amazon.com/Dell-Inspiron-15-6-Inch-i7-8565-Geforce/dp/B07PZQ9LSN/ref=sr_1_42?dchild=1&keywords=dell+laptop&qid=1594146124&sr=8-42
"Inspiron Laptop, Dell 2019 Flagship 15.6"" Full HD Touchscreen Inspiron 15 5000, Intel Quad-Core i7-8550U, 16GB DDR4, 512GB PCIe SSD, 1TB HDD, 802.11ac Bluetooth 4.2 MaxxAudio Win 10",$989.00,4.4 out of 5 stars,https://www.amazon.com/Dell-2019-Touchscreen-Quad-Core-Bluetooth-MaxxAudio-Backlit/dp/B07SQP6YPQ/ref=sr_1_43?dchild=1&keywords=dell+laptop&qid=1594146124&sr=8-43
Dell Inspiron 15|Amd Ryzen 5 2500U Mobile Proc W/Radeon Vega 8 Graphics|8Gb|256Gb|15.6-Inch FHD (1920 X 1080),$555.99,4.2 out of 5 stars,https://www.amazon.com/Dell-Inspiron-Mobile-Graphics-15-6-Inch/dp/B07QD3728H/ref=sr_1_44?dchild=1&keywords=dell+laptop&qid=1594146124&sr=8-44
"2020 Dell Inspiron 14"" Laptop Computer 10th Gen Intel i3 1005G1 Up to 3.4GHz 4GB DDR4 RAM 128GB PCIe SSD Untel UHD Graphics HDMI 802.11ac WiFi Bluetooth 4.1 Windows 10",$424.18,4.1 out of 5 stars,https://www.amazon.com/Computadora-port%C3%A1til-Inspiron-generaci%C3%B3n-Bluetooth/dp/B081ZFFJ46/ref=sr_1_45?dchild=1&keywords=dell+laptop&qid=1594146124&sr=8-45
"2019 Dell 15.6-inch Full HD Gaming IPS Laptop PC, Intel Hexa Core i7-8750H Processor, Nvidia Geforce GTX 1050 Ti 4GB, 16GB RAM, 1TB Hard Drive, 128GB SSD, Backlit Keyboard, Windows 10, Red",$0,4.2 out of 5 stars,https://www.amazon.com/Dell-15-6-inch-Gaming-Laptop-Processor/dp/B08222L27F/ref=sr_1_46?dchild=1&keywords=dell+laptop&qid=1594146124&sr=8-46
"Dell Vostro 15 7590 Gaming Laptop, 15.6"" FHD Display, Intel Core i7-9750H Upto 4.5GHz, 32GB RAM, 512GB NVMe SSD + 1TB HDD, GTX 1050, HDMI, Thunderbolt, Card Reader, Wi-Fi, Bluetooth, Windows 10 Pro","$1,249.99",5.0 out of 5 stars,https://www.amazon.com/Dell-7590-i7-9750H-Thunderbolt-Bluetooth/dp/B084Z25ZMY/ref=sr_1_47?dchild=1&keywords=dell+laptop&qid=1594146124&sr=8-47
"Dell Inspiron 17 2-in-1 7791-17.3"" FHD Touch - i7-10510U - MX250-16GB - 512GB SSD","$1,245.00",4.0 out of 5 stars,https://www.amazon.com/Dell-Inspiron-7791-17-3-FHD-Touch/dp/B0811ZP2ZM/ref=sr_1_48?dchild=1&keywords=dell+laptop&qid=1594146124&sr=8-48
"Lenovo IdeaPad 3 14"" Laptop, 14.0"" FHD (1920 x 1080) Display, AMD Ryzen 5 3500U Processor, 8GB DDR4 RAM, 256GB SSD, AMD Radeon Vega 8 Graphics, Narrow Bezel, Windows 10, 81W0003QUS, Abyss Blue",$449.99,3.8 out of 5 stars,https://www.amazon.com/gp/slredirect/picassoRedirect.html/ref=pa_sp_atf_next_aps_sr_pg4_1?ie=UTF8&adId=A0297331Z50AE1TOREMZ&url=%2FLenovo-IdeaPad-Processor-Graphics-81W0003QUS%2Fdp%2FB0862269YP%2Fref%3Dsr_1_49_sspa%3Fdchild%3D1%26keywords%3Ddell%2Blaptop%26qid%3D1594146124%26sr%3D8-49-spons%26psc%3D1&qualifier=1594146124&id=5024203806769367&widgetName=sp_atf_next
"BMAX 13.3"" 2 in 1 FHD Touchscreen Laptop Computer, Intel Quad-Core Celeron N4120, 8GB DDR4, 256GB M.2 SSD, 2 Type-C Ports, LED Backlit Keyboard, AC WiFi + BT 5.0, Windows 10, All-Metal Body",$384.00,3.7 out of 5 stars,https://www.amazon.com/gp/slredirect/picassoRedirect.html/ref=pa_sp_atf_next_aps_sr_pg4_1?ie=UTF8&adId=A073164717S895HFDZV0R&url=%2FConvertible-Touchscreen-Backlit-Keyboard-All-Metal%2Fdp%2FB07XMDTNYQ%2Fref%3Dsr_1_50_sspa%3Fdchild%3D1%26keywords%3Ddell%2Blaptop%26qid%3D1594146124%26sr%3D8-50-spons%26psc%3D1&qualifier=1594146124&id=5024203806769367&widgetName=sp_atf_next
"Dell Latitude E6430 14.1-Inch Business Laptop PC, Intel Core i5 2.6GHz Processor, 8GB DDR3 RAM, 320GB HDD, DVD, Windows 10 Professional (Renewedd)",$249.99,3.4 out of 5 stars,https://www.amazon.com/Dell-Latitude-E6430-Professional-Refurbishedd/dp/B01LX4PE0S/ref=sr_1_51?dchild=1&keywords=dell+laptop&qid=1594146124&sr=8-51
"2019 Dell G3 Gaming Laptop Computer| 15.6"" FHD Screen| 9th Gen Intel Quad-Core i5-9300H up to 4.1GHz| 8GB DDR4| 512GB PCIE SSD| GeForce GTX 1660 Ti 6GB| USB 3.0| HDMI| Windows 10",$909.00,4.1 out of 5 stars,https://www.amazon.com/Dell-G3-Gaming-Computer-Quad-Core/dp/B07VKZY7KV/ref=sr_1_52?dchild=1&keywords=dell+laptop&qid=1594146124&sr=8-52
"Dell Premium Inspiron 5575 15.6-inch Touchscreen FHD (1920 x 1080) Display Laptop PC, AMD Quad-Core Ryzen 5 2500U up to 3.6 GHz, HDMI, MaxxAudio Pro, Bluetooth, Backlit Keyboard, Windows 10",$604.99,3.2 out of 5 stars,https://www.amazon.com/Dell-Inspiron-5575-Touchscreen-FHD/dp/B07TXJR72G/ref=sr_1_53?dchild=1&keywords=dell+laptop&qid=1594146124&sr=8-53
"Dell Inspiron 15 5000 Laptop, 15.6-Inch FHD (1920 X 1080) IPS, Intel i7-8565, Nvidia(R) Geforce(R) MX250 with 2GB Gddr, 8GB DDR4 RAM, 128 GB SSD+1TB HD",$0,3.8 out of 5 stars,https://www.amazon.com/Dell-Inspiron-15-6-Inch-i7-8565-Geforce/dp/B07PZQ9LSN/ref=sr_1_54?dchild=1&keywords=dell+laptop&qid=1594146124&sr=8-54
"Dell Inspiron 15 5000 Series Laptop, 15.6"" Full HD Touchscreen, Intel Core i3-8130U Processor up to 3.40GHz, 8GB DDR4 RAM, 128GB PCIe NVMe M.2 SSD, HDMI, Wireless-AC, Bluetooth, Windows 10 Home, Black",$543.00,4.2 out of 5 stars,https://www.amazon.com/Dell-Inspiron-Touchscreen-Processor-Wireless-AC/dp/B0864X7RTG/ref=sr_1_55?dchild=1&keywords=dell+laptop&qid=1594146124&sr=8-55
"Dell XPS 15 laptop 15.6"", 4K UHD InfinityEdge Touch, 9th Gen Intel Core i7-9750H, NVIDIA GeForce GTX 1650 4GB GDDR5, 1TB SSD storage, 16GB RAM, XPS7590-7565SLV-PUS",$0,3.7 out of 5 stars,https://www.amazon.com/Dell-Touch-Intel-NVIDIA-GeForce/dp/B07T4HGF79/ref=sr_1_56?dchild=1&keywords=dell+laptop&qid=1594146124&sr=8-56
"Dell Inspiron 17 2-in-1 7786-17.3"" FHD Touch - i7-8565U - NVIDIA MX150-16GB - 1TB HDD","$1,149.00",4.4 out of 5 stars,https://www.amazon.com/Dell-Inspiron-7786-17-3-FHD-Touch/dp/B07MBSJ7PN/ref=sr_1_57?dchild=1&keywords=dell+laptop&qid=1594146124&sr=8-57
"2019 Dell Inspiron 3593 Laptop 15.6"", 10th Generation Intel Core i7-1065G7 Processor, 1TB HDD 16GB DDR4 RAM, HDMI, WiFi, Bluetooth, Windows 10, Black",$845.00,4.5 out of 5 stars,https://www.amazon.com/Port%C3%A1til-procesador-i7-1065G7-generaci%C3%B3n-Bluetooth/dp/B07YWLS346/ref=sr_1_58?dchild=1&keywords=dell+laptop&qid=1594146124&sr=8-58
"LG Gram Laptop - 14"" Full HD IPS Display, Intel 10th Gen Core i5-1035G7 CPU, 8GB RAM, 256GB M.2 NVMe SSD, Thunderbolt 3, 18.5 Hour Battery Life - 14Z90N (2020) (14Z90N-U.ARW5U1)","$1,046.99",4.4 out of 5 stars,https://www.amazon.com/gp/slredirect/picassoRedirect.html/ref=pa_sp_mtf_aps_sr_pg4_1?ie=UTF8&adId=A0425863UJOT8SGM2H1O&url=%2F14Z90N-U-ARW5U1%2Fdp%2FB082XQWNPY%2Fref%3Dsr_1_59_sspa%3Fdchild%3D1%26keywords%3Ddell%2Blaptop%26qid%3D1594146124%26sr%3D8-59-spons%26psc%3D1&qualifier=1594146124&id=5024203806769367&widgetName=sp_mtf
"LG Gram Laptop - 15.6"" IPS Touchscreen, Intel 10th Gen Core i7-1065G7 CPU, 8GB RAM, 256GB M.2 MVMe SSD, 17 Hours Battery, Thunderbolt 3 - 15Z90N (2020)","$1,596.99",4.1 out of 5 stars,https://www.amazon.com/gp/slredirect/picassoRedirect.html/ref=pa_sp_mtf_aps_sr_pg4_1?ie=UTF8&adId=A07425822OSA1WH0Y5LX&url=%2FLG-Gram-Laptop-Touchscreen-Thunderbolt%2Fdp%2FB082XRQFZ7%2Fref%3Dsr_1_60_sspa%3Fdchild%3D1%26keywords%3Ddell%2Blaptop%26qid%3D1594146124%26sr%3D8-60-spons%26psc%3D1&qualifier=1594146124&id=5024203806769367&widgetName=sp_mtf
"Dell Inspiron 2-in-1 Laptop LED-Backlit Touch Display, i7-8565U, 8GB 2666MHz DDR4, 256 GB m.2 PCIe SSD, 14"", Silver, Alexa Built-In (i5482-7069SLV-PUS)",$829.00,3.8 out of 5 stars,https://www.amazon.com/Dell-Inspiron-LED-Backlit-i7-8565U-i5482-7069SLV-PUS/dp/B07JXTFJVB/ref=sr_1_61?dchild=1&keywords=dell+laptop&qid=1594146124&sr=8-61
Chromebooks Explained in Simple Terms - Is a Chromebook for you? - Chromebooks 101,$0,4.4 out of 5 stars,https://www.amazon.com/Chromebooks-Explained-Simple-Terms-Chromebook/dp/B01FKYZS02/ref=sr_1_62?dchild=1&keywords=dell+laptop&qid=1594146124&sr=8-62
"Dell XPS 13 7390 Laptop 13.3 inch, 4K UHD InfinityEdge Touch, 10th Generation Intel Core i7-10710U, Intel UHD Graphics, 512GB SSD, 16GB RAM,  Windows 10 Home, XPS7390-7121SLV-PUS",$0,4.0 out of 5 stars,https://www.amazon.com/Dell-InfinityEdge-Generation-i7-10710U-XPS7390-7121SLV-PUS/dp/B07XD6BJKQ/ref=sr_1_63?dchild=1&keywords=dell+laptop&qid=1594146124&sr=8-63
"Dell Inspiron 15 I3567-5949BLK-PUS Laptop (Windows 10, Intel i5-7200U, 15.6"" LED Screen, Storage: 256 GB, RAM: 8 GB) Black",$0,4.4 out of 5 stars,https://www.amazon.com/Dell-Inspiron-i3567-5949BLK-PUS-i5-7200U-Notebook/dp/B07K9Y9NZV/ref=sr_1_64?dchild=1&keywords=dell+laptop&qid=1594146124&sr=8-64
"2018 Dell Business Flagship Laptop Notebook 15.6"" HD LED-Backlit Display Intel i5-7200U Processor 8GB DDR4 RAM 256GB SSD DVD-RW HDMI Webcam Bluetooth Windows 10 Pro-Black",$0,3.5 out of 5 stars,https://www.amazon.com/Dell-LED-Backlit-Processor-Bluetooth-Pro-Black/dp/B078JXMS8W/ref=sr_1_65?dchild=1&keywords=dell+laptop&qid=1594146124&sr=8-65
"Newest Dell Inspiron 15 5000 15.6"" Full HD Touchscreen (1920x1080) Premium Business Laptop - 8th Gen Intel Quad-Core i5-8250U, 8GB DDR4, 1TB HDD, HDMI, Wi-Fi AC, Ethernet RJ-45, Windows 10",$0,3.7 out of 5 stars,https://www.amazon.com/Dell-Inspiron-15-Touchscreen-Laptop/dp/B07KWKL25R/ref=sr_1_66?dchild=1&keywords=dell+laptop&qid=1594146124&sr=8-66
"2020 Dell Inspiron 17.3” FHD Laptop Computer, 10th Gen Intel Quad-Core i7 1065G7 up to 3.9GHz, 16GB DDR4 RAM, 2TB HDD + 256GB PCIe SSD, DVDRW, NVIDIA GeForce MX230 2GB, Windows 10, YZAKKA Accessories","$1,249.99",4.5 out of 5 stars,https://www.amazon.com/Dell-Inspiron-Computer-Quad-Core-Accessories/dp/B084QKR31H/ref=sr_1_67?dchild=1&keywords=dell+laptop&qid=1594146124&sr=8-67
"Dell XPS13 13.3-Inch Full HD WLED Backlit Infinity Display Ultrabook (2.2GHz 5th Generation Intel Core i5-5200U Processor, 4GB DDR3 RAM, 128GB SSD, Windows 8.1) (Renewed)",$849.88,3.5 out of 5 stars,https://www.amazon.com/Dell-13-3-Inch-Ultrabook-Generation-Processor/dp/B00VWC2NBO/ref=sr_1_68?dchild=1&keywords=dell+laptop&qid=1594146124&sr=8-68
"LG Gram Laptop - 17"" IPS WQXGA (2560 x 1600) Intel 10th Gen Core i7 1065G7 CPU, 16GB RAM, 1TB M.2 NVMe SSD (512GB x2), 17 Hour Battery, Thunderbolt 3 - 17Z90N (2020)","$1,696.99",4.4 out of 5 stars,https://www.amazon.com/gp/slredirect/picassoRedirect.html/ref=pa_sp_btf_aps_sr_pg4_1?ie=UTF8&adId=A03949633GFDGYKWOFRV9&url=%2FLG-Gram-Laptop-Battery-Thunderbolt%2Fdp%2FB082XQR86P%2Fref%3Dsr_1_69_sspa%3Fdchild%3D1%26keywords%3Ddell%2Blaptop%26qid%3D1594146124%26sr%3D8-69-spons%26psc%3D1&qualifier=1594146124&id=5024203806769367&widgetName=sp_btf
"LG Gram Laptop - 14"" Full HD IPS Display, Intel 10th Gen Core i7-1065G7 CPU, 16GB RAM, 512GB M.2 MVMe SSD, Thunderbolt 3, 18.5 Hour Battery Life - 14Z90N (2020)","$1,299.00",4.2 out of 5 stars,https://www.amazon.com/gp/slredirect/picassoRedirect.html/ref=pa_sp_btf_aps_sr_pg4_1?ie=UTF8&adId=A0148824MP5IU3W5ST0O&url=%2FLG-Gram-Laptop-i7-1065G7-Thunderbolt%2Fdp%2FB084QDV1YW%2Fref%3Dsr_1_70_sspa%3Fdchild%3D1%26keywords%3Ddell%2Blaptop%26qid%3D1594146124%26sr%3D8-70-spons%26psc%3D1&qualifier=1594146124&id=5024203806769367&widgetName=sp_btf
"Lenovo IdeaPad 3 14"" Laptop, 14.0"" FHD (1920 x 1080) Display, AMD Ryzen 5 3500U Processor, 8GB DDR4 RAM, 256GB SSD, AMD Radeon Vega 8 Graphics, Narrow Bezel, Windows 10, 81W0003QUS, Abyss Blue",$449.99,3.8 out of 5 stars,https://www.amazon.com/gp/slredirect/picassoRedirect.html/ref=pa_sp_atf_aps_sr_pg1_1?ie=UTF8&adId=A0297331Z50AE1TOREMZ&url=%2FLenovo-IdeaPad-Processor-Graphics-81W0003QUS%2Fdp%2FB0862269YP%2Fref%3Dsr_1_1_sspa%3Fdchild%3D1%26keywords%3Ddell%2Blaptop%26qid%3D1594146124%26sr%3D8-1-spons%26psc%3D1&qualifier=1594146124&id=1259318911907070&widgetName=sp_atf
"New ! Dell Inspiron i3583 15.6"" HD Touch-Screen Laptop - Intel i3-8145U - 8GB DDR4-128GB SSD - Windows 10 - Wireless-AC - Bluetooth - SD Card Reader - HDMI & USB 3.1 -Waves MaxxAudio Pro- Black",$465.00,4.2 out of 5 stars,https://www.amazon.com/Dell-Inspiron-i3583-Touch-Screen-Laptop/dp/B08173ZTJX/ref=sr_1_2?dchild=1&keywords=dell+laptop&qid=1594146124&sr=8-2
"2020 Newest Dell Inspiron 15 3000 PC Laptop: 15.6"" HD Anti-Glare LED-Backlit Nontouch Display, Intel 2-Core 4205U Processor, 4GB RAM, 1TB HDD, WiFi, Bluetooth, HDMI, Webcam,DVD-RW, Win 10",$394.90,4.3 out of 5 stars,https://www.amazon.com/2020-Newest-Dell-Inspiron-Laptop/dp/B087BGGPSH/ref=sr_1_3?dchild=1&keywords=dell+laptop&qid=1594146124&sr=8-3
Dell Inspiron 15.6 Inch HD Touchscreen Flagship High Performance Laptop PC | Intel Core i5-7200U | 8GB Ram | 256GB SSD | Bluetooth | WiFi | Windows 10 (Black),$639.00,4.2 out of 5 stars,https://www.amazon.com/Dell-Inspiron-Touchscreen-Performance-Bluetooth/dp/B079ZJLMJN/ref=sr_1_4?dchild=1&keywords=dell+laptop&qid=1594146124&sr=8-4
"2019 Dell Inspiron 14"" Laptop Computer| 10th Gen Intel Quad-Core i5 1035G4 Up to 3.7GHz| 4GB DDR4 RAM| 128GB PCIe SSD| Intel Iris Plus Graphics| 802.11ac WiFi| Bluetooth 4.1| USB 3.1| HDMI| Windows 10",$519.00,4.0 out of 5 stars,https://www.amazon.com/Dell-Inspiron-14-Quad-Core-Bluetooth/dp/B081Q3DXD4/ref=sr_1_5?dchild=1&keywords=dell+laptop&qid=1594146124&sr=8-5
"BMAX 13.3"" 2 in 1 FHD Touchscreen Laptop Computer, Intel Quad-Core Celeron N4120, 8GB DDR4, 256GB M.2 SSD, 2 Type-C Ports, LED Backlit Keyboard, AC WiFi + BT 5.0, Windows 10, All-Metal Body",$384.00,3.7 out of 5 stars,https://www.amazon.com/gp/slredirect/picassoRedirect.html/ref=pa_sp_mtf_aps_sr_pg1_1?ie=UTF8&adId=A073164717S895HFDZV0R&url=%2FConvertible-Touchscreen-Backlit-Keyboard-All-Metal%2Fdp%2FB07XMDTNYQ%2Fref%3Dsr_1_6_sspa%3Fdchild%3D1%26keywords%3Ddell%2Blaptop%26qid%3D1594146124%26sr%3D8-6-spons%26psc%3D1&qualifier=1594146124&id=1259318911907070&widgetName=sp_mtf
"Dell Inspiron 14 5000 2-in-1 convertible Laptop 14 inch, FHD Touchscreen, AMD Ryzen 7 3700U, 512GB SSD, 8GB RAM, Windows 10 home, Silver , i5485-A711SLV-PUS",$619.98,4.2 out of 5 stars,https://www.amazon.com/Dell-Inspiron-Touchscreen-Hexa-Core-Bluetooth/dp/B07SGCXR3W/ref=sr_1_7?dchild=1&keywords=dell+laptop&qid=1594146124&sr=8-7
"Dell Inspiron 15 5593: 10th Gen Core i5-1035G1, 256GB SSD, 8GB RAM, 15.6"" Full HD Display, Backlit Keyboard, Windows 10",$608.00,4.1 out of 5 stars,https://www.amazon.com/Dell-Inspiron-15-5593-i5-1035G1/dp/B0826DJYG1/ref=sr_1_8?dchild=1&keywords=dell+laptop&qid=1594146124&sr=8-8
"2019_Dell Inspiron 15.6"" HD High Performance Laptop, Intel Celeron Processor,4GB DDR4 RAM, 500GB Hard Drive, Wireless+Bluetooth,HDMI,DVD R/W, Windows 10",$395.00,3.8 out of 5 stars,https://www.amazon.com/2019_Dell-Inspiron-Performance-Processor-Bluetooth/dp/B07NXTKWMX/ref=sr_1_9?dchild=1&keywords=dell+laptop&qid=1594146124&sr=8-9
Dell Inspiron 15.6” Touch Screen Intel Core i3 128GB Solid State Drive Laptop,$499.99,4.2 out of 5 stars,https://www.amazon.com/Port%C3%A1til-Inspiron-pantalla-procesador-Wireless-AC/dp/B07KVFTVHX/ref=sr_1_10?dchild=1&keywords=dell+laptop&qid=1594146124&sr=8-10
"LG Gram Laptop - 15.6"" Full HD IPS , Intel 10th Gen Core i5-1035G7 CPU, 8GB RAM, 256GB M.2 MVMe SSD, 18.5 Hours Battery, Thunderbolt 3 - 15Z90N (2020)","$1,153.12",4.0 out of 5 stars,https://www.amazon.com/gp/slredirect/picassoRedirect.html/ref=pa_sp_mtf_aps_sr_pg1_1?ie=UTF8&adId=A060924817R9E4RYIJKXQ&url=%2FLG-Gram-Laptop-i5-1035G7-Thunderbolt%2Fdp%2FB082XQP1G4%2Fref%3Dsr_1_11_sspa%3Fdchild%3D1%26keywords%3Ddell%2Blaptop%26qid%3D1594146124%26sr%3D8-11-spons%26psc%3D1&qualifier=1594146124&id=1259318911907070&widgetName=sp_mtf
"Acer Aspire 5 Slim Laptop, 15.6 inches Full HD IPS Display, AMD Ryzen 3 3200U, Vega 3 Graphics, 4GB DDR4, 128GB SSD, Backlit Keyboard, Windows 10 in S Mode, A515-43-R19L,Silver",$0,4.4 out of 5 stars,https://www.amazon.com/pulgadas-Graphics-retroiluminado-A515-43-R19L-Plateado/dp/B07RF1XD36/ref=sr_1_12?dchild=1&keywords=dell+laptop&qid=1594146124&sr=8-12
"New ! Dell Inspiron i3583 15.6"" HD Touch-Screen Laptop - Intel i5-8265U - 8GB DDR4-256GB SSD - Windows 10 - Wireless-AC - Bluetooth, SD Card Reader, HDMI & USB 3.1 -Waves MaxxAudio Pro- Black",$639.00,4.3 out of 5 stars,https://www.amazon.com/Dell-Inspiron-i3583-Touch-Screen-Laptop/dp/B081721LTM/ref=sr_1_13?dchild=1&keywords=dell+laptop&qid=1594146124&sr=8-13
"2020 Dell Inspiron 3000 15.6-inch HD Touchscreen Laptop PC, Intel 10th Gen Dual Core i3-1005G1 Processor, 8GB DDR4, 128GB SSD, 1TB HDD, Bluetooth, Windows 10, Black",$468.00,4.4 out of 5 stars,https://www.amazon.com/Dell-3000-Touchscreen-i3-1005G1-Processor/dp/B088K23635/ref=sr_1_14?dchild=1&keywords=dell+laptop&qid=1594146124&sr=8-14
"Latest_Dell Inspiron 15 5000 15.6"" FHD Display Laptop, 10th Generation Intel Core i5-1035G1 Processor, 8GB RAM, 256GB SSD, Fingerprint Reader, Wireless+Bluetooth, HDMI，Window 10",$629.00,-1,https://www.amazon.com/Latest_Dell-Generation-i5-1035G1-Fingerprint-HDMI%EF%BC%8CWindow/dp/B084S7TPZN/ref=sr_1_15?dchild=1&keywords=dell+laptop&qid=1594146124&sr=8-15
Dell UltraSharp 27-inch USB-C Monitor (2719DC),$430.99,4.2 out of 5 stars,https://www.amazon.com/gp/slredirect/picassoRedirect.html/ref=pa_sp_mtf_aps_sr_pg1_1?ie=UTF8&adId=A03969853386SYZCOUJH2&url=%2FDell-Ultrasharp-U2719DC-Performance-Compatible%2Fdp%2FB07JQTNCGB%2Fref%3Dsr_1_16_sspa%3Fdchild%3D1%26keywords%3Ddell%2Blaptop%26qid%3D1594146124%26sr%3D8-16-spons%26psc%3D1&qualifier=1594146124&id=1259318911907070&widgetName=sp_mtf
"Dell Inspiron 15 Intel Core i3-7130U 8GB 1TB HDD 15.6"" HD LED Windows 10 Laptop",$0,3.9 out of 5 stars,https://www.amazon.com/Dell-Inspiron-i3-7130U-Windows-Laptop/dp/B07GKZJ8CX/ref=sr_1_17?dchild=1&keywords=dell+laptop&qid=1594146124&sr=8-17
"2019 Dell Inspiron 15 6"" HD Touchscreen Flagship Premium Laptop Computer, 8th Gen Intel Core i3-8145U Up to 3.1GHz, 8GB DDR4 RAM, 128GB SSD, HDMI, USB 3.0, Bluetooth, WiFi, Windows 10 Home",$465.00,4.0 out of 5 stars,https://www.amazon.com/Dell-Inspiron-15-Touchscreen-Bluetooth/dp/B07SZC4Z2Y/ref=sr_1_18?dchild=1&keywords=dell+laptop&qid=1594146124&sr=8-18
"2019 New Dell Inspiron 17 PC Laptop: 17.3 Inch FHD(1980x1080) Non-Touch IPS Display, Intel CPU-i3-7020u, 8GB RAM, 1TB HDD, WiFi, Bluetooth, HDMI, Webcam, DVDRW, Windows 10",$680.00,3.9 out of 5 stars,https://www.amazon.com/2019-Dell-Inspiron-17-Laptop/dp/B07R3H3PL3/ref=sr_1_19?dchild=1&keywords=dell+laptop&qid=1594146124&sr=8-19
"2020 Newest Dell Inspiron 15 5000 Premium PC Laptop: 15.6"" FHD Anti-Glare NonTouch Display,10th Gen i5, 16GB RAM, 512GB SSD+1TB HDD, Intel UHD Graphics, WiFi, Bluetooth, HDMI, Webcam, Backlit-KB,Win10",$0,4.2 out of 5 stars,https://www.amazon.com/Newest-Dell-Inspiron-Premium-Laptop/dp/B082WRZCDC/ref=sr_1_20?dchild=1&keywords=dell+laptop&qid=1594146124&sr=8-20
"LG Gram Laptop - 14"" Full HD IPS Display, Intel 10th Gen Core i7-1065G7 CPU, 16GB RAM, 512GB M.2 MVMe SSD, Thunderbolt 3, 18.5 Hour Battery Life - 14Z90N (2020)","$1,299.00",4.2 out of 5 stars,https://www.amazon.com/gp/slredirect/picassoRedirect.html/ref=pa_sp_btf_aps_sr_pg1_1?ie=UTF8&adId=A0148824MP5IU3W5ST0O&url=%2FLG-Gram-Laptop-i7-1065G7-Thunderbolt%2Fdp%2FB084QDV1YW%2Fref%3Dsr_1_21_sspa%3Fdchild%3D1%26keywords%3Ddell%2Blaptop%26qid%3D1594146124%26sr%3D8-21-spons%26psc%3D1&qualifier=1594146124&id=1259318911907070&widgetName=sp_btf
"LG Gram Laptop - 14"" Full HD IPS Display, Intel 10th Gen Core i5-1035G7 CPU, 8GB RAM, 256GB M.2 NVMe SSD, Thunderbolt 3, 18.5 Hour Battery Life - 14Z90N (2020) (14Z90N-U.ARW5U1)","$1,046.99",4.4 out of 5 stars,https://www.amazon.com/gp/slredirect/picassoRedirect.html/ref=pa_sp_atf_next_aps_sr_pg6_1?ie=UTF8&adId=A0425863UJOT8SGM2H1O&url=%2F14Z90N-U-ARW5U1%2Fdp%2FB082XQWNPY%2Fref%3Dsr_1_81_sspa%3Fdchild%3D1%26keywords%3Ddell%2Blaptop%26qid%3D1594146125%26sr%3D8-81-spons%26psc%3D1&qualifier=1594146125&id=5970950319164250&widgetName=sp_atf_next
"BMAX 13.3"" 2 in 1 FHD Touchscreen Laptop Computer, Intel Quad-Core Celeron N4120, 8GB DDR4, 256GB M.2 SSD, 2 Type-C Ports, LED Backlit Keyboard, AC WiFi + BT 5.0, Windows 10, All-Metal Body",$384.00,3.7 out of 5 stars,https://www.amazon.com/gp/slredirect/picassoRedirect.html/ref=pa_sp_atf_next_aps_sr_pg6_1?ie=UTF8&adId=A073164717S895HFDZV0R&url=%2FConvertible-Touchscreen-Backlit-Keyboard-All-Metal%2Fdp%2FB07XMDTNYQ%2Fref%3Dsr_1_82_sspa%3Fdchild%3D1%26keywords%3Ddell%2Blaptop%26qid%3D1594146125%26sr%3D8-82-spons%26psc%3D1&qualifier=1594146125&id=5970950319164250&widgetName=sp_atf_next
"2019 New Dell Inspiron 11 Chromebook , 11.6"" HD Non-Touchscreen Display, Intel Celeron Dual Core N3060 Processor, 4GB Ram, 16GB eMMc Flash Memory, WiFi, HDMI, USB3.0, Chrome OS",$303.88,4.3 out of 5 stars,https://www.amazon.com/Dell-11-Chromebook-Non-Touchscreen-Processor/dp/B07T18VQNC/ref=sr_1_83?dchild=1&keywords=dell+laptop&qid=1594146125&sr=8-83
Windows 10   USER’S Manual : Tricks and Tips to Access Hidden Features of the Latest Windows 10 Version 2004 & Troubleshooting Common Problems,$0.00,-1,https://www.amazon.com/Windows-10-USERS-Manual-Troubleshooting-ebook/dp/B08BKTKJPL/ref=sr_1_84?dchild=1&keywords=dell+laptop&qid=1594146125&sr=8-84
"Dell XPS 13 9360 13.3"" Full HD Anti-Glare InfinityEdge Touchscreen Laptop Intel 7th Gen Kaby Lake i5 7200U 8GB RAM 128GB SSD",$0,3.6 out of 5 stars,https://www.amazon.com/Dell-9360-Anti-Glare-InfinityEdge-Touchscreen/dp/B074G5DQ5M/ref=sr_1_85?dchild=1&keywords=dell+laptop&qid=1594146125&sr=8-85
"Dell Latitude 5000 5490 14"" HD (1366x768) Business Laptop (Intel Quad-Core i5-8350U VPro, 8GB DDR4 RAM, 256GB SSD) Backlit, Type-C, VGA, HDMI, Webcam, Windows Hello, Windows 10 Pro 64-bit",$829.00,5.0 out of 5 stars,https://www.amazon.com/Dell-Latitude-5490-1366x768-Quad-Core/dp/B083TM2V5J/ref=sr_1_86?dchild=1&keywords=dell+laptop&qid=1594146125&sr=8-86
"Dell Inspiron 15 2-in-1 7591-15.6"" 4K Touch - i7-10510U - MX250-16GB - 512GB SSD",$0,-1,https://www.amazon.com/Dell-Inspiron-7591-15-6-Touch-MX250-16GB/dp/B08121N9MQ/ref=sr_1_87?dchild=1&keywords=dell+laptop&qid=1594146125&sr=8-87
"Latest_Dell Inspiron 2-in-1 5000 14.0"" HD LED-Backlit Touchscreen High Performance Laptop, Intel Core i3-8145U Processor,8GB DDR4 RAM,256GB Solid State Drive, WiFi+Bluetooth, HDMI, Windows 10",$569.00,4.6 out of 5 stars,https://www.amazon.com/Latest_Dell-LED-Backlit-Touchscreen-Performance-Processor/dp/B07ZCM4M4T/ref=sr_1_88?dchild=1&keywords=dell+laptop&qid=1594146125&sr=8-88
"Dell Latitude 7400 14"" Notebook - 1920 X 1080 - Core i5 i5-8365U - 16GB RAM - 256GB SSD",$0,3.2 out of 5 stars,https://www.amazon.com/Dell-Latitude-7400-14-Notebook/dp/B07RSNCC67/ref=sr_1_89?dchild=1&keywords=dell+laptop&qid=1594146125&sr=8-89
"Dell XPS 15 laptop 15.6"", 4K UHD InfinityEdge Touch, 9th Gen Intel Core i7-9750H, NVIDIA GeForce GTX 1650 4GB GDDR5, 1TB SSD storage, 16GB RAM, XPS7590-7565SLV-PUS",$0,3.7 out of 5 stars,https://www.amazon.com/Dell-Touch-Intel-NVIDIA-GeForce/dp/B07T4HGF79/ref=sr_1_90?dchild=1&keywords=dell+laptop&qid=1594146125&sr=8-90
"LG Gram Laptop - 17"" IPS WQXGA (2560 x 1600) Intel 10th Gen Core i7 1065G7 CPU, 16GB RAM, 1TB M.2 NVMe SSD (512GB x2), 17 Hour Battery, Thunderbolt 3 - 17Z90N (2020)","$1,696.99",4.4 out of 5 stars,https://www.amazon.com/gp/slredirect/picassoRedirect.html/ref=pa_sp_mtf_aps_sr_pg6_1?ie=UTF8&adId=A03949633GFDGYKWOFRV9&url=%2FLG-Gram-Laptop-Battery-Thunderbolt%2Fdp%2FB082XQR86P%2Fref%3Dsr_1_91_sspa%3Fdchild%3D1%26keywords%3Ddell%2Blaptop%26qid%3D1594146125%26sr%3D8-91-spons%26psc%3D1&qualifier=1594146125&id=5970950319164250&widgetName=sp_mtf
"LG Gram Laptop - 15.6"" Full HD IPS , Intel 10th Gen Core i5-1035G7 CPU, 8GB RAM, 256GB M.2 MVMe SSD, 18.5 Hours Battery, Thunderbolt 3 - 15Z90N (2020)","$1,153.12",4.0 out of 5 stars,https://www.amazon.com/gp/slredirect/picassoRedirect.html/ref=pa_sp_mtf_aps_sr_pg6_1?ie=UTF8&adId=A060924817R9E4RYIJKXQ&url=%2FLG-Gram-Laptop-i5-1035G7-Thunderbolt%2Fdp%2FB082XQP1G4%2Fref%3Dsr_1_92_sspa%3Fdchild%3D1%26keywords%3Ddell%2Blaptop%26qid%3D1594146125%26sr%3D8-92-spons%26psc%3D1&qualifier=1594146125&id=5970950319164250&widgetName=sp_mtf
"Dell Latitude 2018, E6440 Business High Performance 14in Laptop, Intel Core i5-4300M Processor up to 3.3GHz, 8GB RAM, DVD+/-RW, 256GB SSD, Windows 10 Professional (Renewed)",$319.99,3.6 out of 5 stars,https://www.amazon.com/E6440-Performance-Processor-Professional-Refurbished/dp/B07C1DK3SS/ref=sr_1_93?dchild=1&keywords=dell+laptop&qid=1594146125&sr=8-93
"Dell XPS 15 7590 Laptop 15.6 inch, 4K UHD OLED InfinityEdge, 9th Gen Intel Core i7-9750H, NVIDIA GeForce GTX 1650 4GB GDDR5, 256GB SSD, 16GB RAM, Windows 10 Home, XPS7590-7572SLV-PUS, 15-15.99 inches",$0,3.7 out of 5 stars,https://www.amazon.com/Dell-XPS7590-7572SLV-PUS-i7-9750H-DDR4-2666MHz-GeForce/dp/B07T1DTF4F/ref=sr_1_94?dchild=1&keywords=dell+laptop&qid=1594146125&sr=8-94
"Dell Inspiron 15 Touchscreen HD Laptop Bundle with WOOV Accessory, 10th Gen Intel Core i3-1005G1 (Beat i5-8250U), 12GB RAM, 256GB PCIe SSD, WiFi, Bluetooth, Windows 10 Home - Black",$513.54,-1,https://www.amazon.com/Dell-Touchscreen-Accessory-i3-1005G1-Bluetooth/dp/B089CHRXBL/ref=sr_1_95?dchild=1&keywords=dell+laptop&qid=1594146125&sr=8-95
"Dell XPS 13 9370 13.3"" FHD InfinityEdge - 8th Gen Intel Core i5 - 8GB Memory - 128GB SSD - Intel UHD Graphics 620 - Rose Gold",$0,3.1 out of 5 stars,https://www.amazon.com/Dell-XPS-9370-13-3-InfinityEdge/dp/B078MKCPKH/ref=sr_1_96?dchild=1&keywords=dell+laptop&qid=1594146125&sr=8-96
"Dell Latitude E6430 14.1-Inch Business Laptop PC, Intel Core i5 2.6GHz Processor, 8GB DDR3 RAM, 320GB HDD, DVD, Windows 10 Professional (Renewedd)",$249.99,3.4 out of 5 stars,https://www.amazon.com/Dell-Latitude-E6430-Professional-Refurbishedd/dp/B01LX4PE0S/ref=sr_1_97?dchild=1&keywords=dell+laptop&qid=1594146125&sr=8-97
"Dell Latitude 3450 14 Inch Business Notebook PC, Intel Core i3 5005U 2.0GHz, 8GB DDR3L, 128 GB SSD, WiFi, VGA, HDMI, Windows 10 Pro 64 Bit-Multi-Language Supports English/Spanish/French(Renewed)",$236.96,4.5 out of 5 stars,https://www.amazon.com/Dell-Latitude-3450-Business-Bit-Multi-Language/dp/B081NDSZ14/ref=sr_1_98?dchild=1&keywords=dell+laptop&qid=1594146125&sr=8-98
"Dell Inspiron 14 Laptop, 14"", Intel Core i3-1005G1, 12GB RAM, 256GB SSD, Intel ICL-U UHD Graphics, Bluetooth 4.1, 802.11ac WiFi, USB 3.1, Windows 10 + Ptech 16GB Micro SD Card Bundle",$549.99,5.0 out of 5 stars,https://www.amazon.com/Inspiron-i3-1005G1-Graphics-Bluetooth-802-11ac/dp/B086GGC6FD/ref=sr_1_99?dchild=1&keywords=dell+laptop&qid=1594146125&sr=8-99
"2018 Dell Business Flagship Laptop Notebook 15.6"" HD LED-Backlit Display Intel i5-7200U Processor 8GB DDR4 RAM 256GB SSD DVD-RW HDMI Webcam Bluetooth Windows 10 Pro-Black",$0,3.5 out of 5 stars,https://www.amazon.com/Dell-LED-Backlit-Processor-Bluetooth-Pro-Black/dp/B078JXMS8W/ref=sr_1_100?dchild=1&keywords=dell+laptop&qid=1594146125&sr=8-100
"LG Gram Laptop - 14"" Full HD IPS Display, Intel 10th Gen Core i7-1065G7 CPU, 16GB RAM, 512GB M.2 MVMe SSD, Thunderbolt 3, 18.5 Hour Battery Life - 14Z90N (2020)","$1,299.00",4.2 out of 5 stars,https://www.amazon.com/gp/slredirect/picassoRedirect.html/ref=pa_sp_btf_aps_sr_pg6_1?ie=UTF8&adId=A0148824MP5IU3W5ST0O&url=%2FLG-Gram-Laptop-i7-1065G7-Thunderbolt%2Fdp%2FB084QDV1YW%2Fref%3Dsr_1_101_sspa%3Fdchild%3D1%26keywords%3Ddell%2Blaptop%26qid%3D1594146125%26sr%3D8-101-spons%26psc%3D1&qualifier=1594146125&id=5970950319164250&widgetName=sp_btf
Dell UltraSharp 27-inch USB-C Monitor (2719DC),$430.99,4.2 out of 5 stars,https://www.amazon.com/gp/slredirect/picassoRedirect.html/ref=pa_sp_btf_aps_sr_pg6_1?ie=UTF8&adId=A03969853386SYZCOUJH2&url=%2FDell-Ultrasharp-U2719DC-Performance-Compatible%2Fdp%2FB07JQTNCGB%2Fref%3Dsr_1_102_sspa%3Fdchild%3D1%26keywords%3Ddell%2Blaptop%26qid%3D1594146125%26sr%3D8-102-spons%26psc%3D1&qualifier=1594146125&id=5970950319164250&widgetName=sp_btf
"LG Gram Laptop - 14"" Full HD IPS Display, Intel 10th Gen Core i5-1035G7 CPU, 8GB RAM, 256GB M.2 NVMe SSD, Thunderbolt 3, 18.5 Hour Battery Life - 14Z90N (2020) (14Z90N-U.ARW5U1)","$1,046.99",4.4 out of 5 stars,https://www.amazon.com/gp/slredirect/picassoRedirect.html/ref=pa_sp_atf_next_aps_sr_pg5_1?ie=UTF8&adId=A0425863UJOT8SGM2H1O&url=%2F14Z90N-U-ARW5U1%2Fdp%2FB082XQWNPY%2Fref%3Dsr_1_65_sspa%3Fdchild%3D1%26keywords%3Ddell%2Blaptop%26qid%3D1594146125%26sr%3D8-65-spons%26psc%3D1&qualifier=1594146125&id=4583356517891442&widgetName=sp_atf_next
"BMAX 13.3"" 2 in 1 FHD Touchscreen Laptop Computer, Intel Quad-Core Celeron N4120, 8GB DDR4, 256GB M.2 SSD, 2 Type-C Ports, LED Backlit Keyboard, AC WiFi + BT 5.0, Windows 10, All-Metal Body",$384.00,3.7 out of 5 stars,https://www.amazon.com/gp/slredirect/picassoRedirect.html/ref=pa_sp_atf_next_aps_sr_pg5_1?ie=UTF8&adId=A073164717S895HFDZV0R&url=%2FConvertible-Touchscreen-Backlit-Keyboard-All-Metal%2Fdp%2FB07XMDTNYQ%2Fref%3Dsr_1_66_sspa%3Fdchild%3D1%26keywords%3Ddell%2Blaptop%26qid%3D1594146125%26sr%3D8-66-spons%26psc%3D1&qualifier=1594146125&id=4583356517891442&widgetName=sp_atf_next
"Dell Latitude E7270 UltraBook 12.5"" Screen Business Laptop (Intel Core i5-6300U, 8GB Ram, 256GB Solid State SSD, HDMI, Camera, WiFi) Win 10 Pro (Renewed)",$299.00,2.9 out of 5 stars,https://www.amazon.com/Dell-Latitude-E7270-UltraBook-Business/dp/B07VPRLH3B/ref=sr_1_67?dchild=1&keywords=dell+laptop&qid=1594146125&sr=8-67
"Dell Inspiron 15.6"" Touchscreen HD I3558-5501BLK Laptop (Model), Intel Core i5-5200U Processor, 8GB Memory, 1TB HDD, HDMI, Bluetooth, DVD-RW, WiFi, HD Webcam, Windows 10",$0,3.6 out of 5 stars,https://www.amazon.com/Inspiron-Touchscreen-I3558-5501BLK-Processor-Bluetooth/dp/B01MRKWB5K/ref=sr_1_68?dchild=1&keywords=dell+laptop&qid=1594146125&sr=8-68
"2020 Premium Dell G3 15.6 Inch FHD Display Gaming Laptop (Intel Core i5 2.3GHz up to 4.0 GHz, 8GB DDR4 RAM, 128GB SSD + 1TB HDD, Nvidia GTX 1050Ti 4GB, Backlit Keyboard, Bluetooth, WiFi, Windows 10)",$0,4.2 out of 5 stars,https://www.amazon.com/Premium-Dell-Display-Keyboard-Bluetooth/dp/B07FZ293P2/ref=sr_1_69?dchild=1&keywords=dell+laptop&qid=1594146125&sr=8-69
"2019 Dell Inspiron 3593 Laptop 15.6"", 10th Generation Intel Core i7-1065G7 Processor, 1TB HDD 16GB DDR4 RAM, HDMI, WiFi, Bluetooth, Windows 10, Black",$845.00,4.5 out of 5 stars,https://www.amazon.com/Port%C3%A1til-procesador-i7-1065G7-generaci%C3%B3n-Bluetooth/dp/B07YWLS346/ref=sr_1_70?dchild=1&keywords=dell+laptop&qid=1594146125&sr=8-70
"Dell Latitude 5420 Rugged Laptop, 14 inches FHD (1920 x 1080) Touchscreen, Intel Core 8th Gen i5-8350U, 16GB (2x8GB) SDRAM RAM, 256GB SSD, Windows 10 Pro (Renewed)",$0,5.0 out of 5 stars,https://www.amazon.com/Dell-Latitude-5420-reacondicionado-certificado/dp/B07WD5N19M/ref=sr_1_71?dchild=1&keywords=dell+laptop&qid=1594146125&sr=8-71
"Dell Inspiron 13 7000, 13.3'' Full HD IPS Touchscreen 2 in 1 Laptop, Intel Quad-Core i5-8265U, 8GB DDR4, 256GB PCIe SSD, Backlit Keyboard MaxxAudio Fingerprint Reader WiFi 720p HD Webcam USB-C Win 10",$699.00,2.5 out of 5 stars,https://www.amazon.com/Dell-Inspiron-7000-Touchscreen-Fingerprint/dp/B07W5Z4GT4/ref=sr_1_72?dchild=1&keywords=dell+laptop&qid=1594146125&sr=8-72
"Latest_Dell Inspiron 2-in-1 5000 14.0"" HD LED-Backlit Touchscreen High Performance Laptop, Intel Core i3-8145U Processor,8GB DDR4 RAM,256GB Solid State Drive, Wifi+Bluetooth, HDMI, USB 3.1, Windows 10",$550.00,4.1 out of 5 stars,https://www.amazon.com/Latest_Dell-LED-Backlit-Touchscreen-Performance-Processor/dp/B07NJJ9749/ref=sr_1_73?dchild=1&keywords=dell+laptop&qid=1594146125&sr=8-73
"Dell Inspiron 5485 Series 14"" FHD IPS LED-Backlit Touchscreen 2-in-1 Laptop, AMD Ryzen 7 3700U up to 4.0GHz, 8GB DDR4, 512GB PCIe NVMe SSD, 802.11ac, Bluetooth 4.2, USB 3.1 Type C, HDMI, Windows 10",$649.00,-1,https://www.amazon.com/Dell-5485-LED-Backlit-Touchscreen-Bluetooth/dp/B085LDMPJD/ref=sr_1_74?dchild=1&keywords=dell+laptop&qid=1594146125&sr=8-74
"LG Gram Laptop - 17"" IPS WQXGA (2560 x 1600) Intel 10th Gen Core i7 1065G7 CPU, 16GB RAM, 1TB M.2 NVMe SSD (512GB x2), 17 Hour Battery, Thunderbolt 3 - 17Z90N (2020)","$1,696.99",4.4 out of 5 stars,https://www.amazon.com/gp/slredirect/picassoRedirect.html/ref=pa_sp_mtf_aps_sr_pg5_1?ie=UTF8&adId=A03949633GFDGYKWOFRV9&url=%2FLG-Gram-Laptop-Battery-Thunderbolt%2Fdp%2FB082XQR86P%2Fref%3Dsr_1_75_sspa%3Fdchild%3D1%26keywords%3Ddell%2Blaptop%26qid%3D1594146125%26sr%3D8-75-spons%26psc%3D1&qualifier=1594146125&id=4583356517891442&widgetName=sp_mtf
"LG Gram Laptop - 15.6"" Full HD IPS , Intel 10th Gen Core i5-1035G7 CPU, 8GB RAM, 256GB M.2 MVMe SSD, 18.5 Hours Battery, Thunderbolt 3 - 15Z90N (2020)","$1,153.12",4.0 out of 5 stars,https://www.amazon.com/gp/slredirect/picassoRedirect.html/ref=pa_sp_mtf_aps_sr_pg5_1?ie=UTF8&adId=A060924817R9E4RYIJKXQ&url=%2FLG-Gram-Laptop-i5-1035G7-Thunderbolt%2Fdp%2FB082XQP1G4%2Fref%3Dsr_1_76_sspa%3Fdchild%3D1%26keywords%3Ddell%2Blaptop%26qid%3D1594146125%26sr%3D8-76-spons%26psc%3D1&qualifier=1594146125&id=4583356517891442&widgetName=sp_mtf
"Dell Gaming Laptop G3579-5941BLK-PUS G3 15 3579 - 15.6"" Full HD IPS Anti-Glare Display - 8th Gen Intel i5 Processor - 8GB DDR4 - 128GB SSD+1TB HDD - NVIDIA GeForce GTX 1050 4GB, Windows 10 64bit",$0,3.9 out of 5 stars,https://www.amazon.com/Dell-Gaming-Laptop-G3579-5941BLK-PUS-3579/dp/B07BRHXCZL/ref=sr_1_77?dchild=1&keywords=dell+laptop&qid=1594146125&sr=8-77
"Dell Inspiron 13 2-in-1 7391-13.3"" 4K Touch - 10th gen i7-10510U - 16GB - 512GB SSD","$1,189.00",3.0 out of 5 stars,https://www.amazon.com/Dell-Inspiron-7391-13-3-Touch-i7-10510U/dp/B081213YMC/ref=sr_1_78?dchild=1&keywords=dell+laptop&qid=1594146125&sr=8-78
"Dell Inspiron 3583 (i3583-3756BLK) Laptop, 15.6"" HD Touch Screen, Intel Core i3-8145U Upto 3.90GHz, 8GB RAM, 128GB NVMe SSD, HDMI, Card Reader, Wi-Fi, Bluetooth, Windows 10 Home S",$479.00,4.7 out of 5 stars,https://www.amazon.com/Dell-Inspiron-3583-i3583-3756BLK-Bluetooth/dp/B081QN4PH7/ref=sr_1_79?dchild=1&keywords=dell+laptop&qid=1594146125&sr=8-79
"2020 Premium Flagship Dell G7 15.6 Inch FHD IPS Gaming Laptop (Intel Core i7-8750H 2.2 GHz up to 4.1 GHz, 32GB DDR4 RAM, 512GB SSD + 1TB HDD, WiFi, 6GB Nvidia GeForce GTX 1060 Max-Q, Windows 10)","$1,250.00",-1,https://www.amazon.com/Premium-Flagship-Dell-i7-8750H-GeForce/dp/B07FLSV653/ref=sr_1_80?dchild=1&keywords=dell+laptop&qid=1594146125&sr=8-80
"Dell Latitude 5491 1920 x 1080 LCD Laptop with Intel Core i7-8850H 2.6 GHz Hexa-Core, 16GB RAM, 512GB SSD, 14"" (2K7MW)",$0,5.0 out of 5 stars,https://www.amazon.com/Dell-Latitude-i7-8850H-Hexa-Core-2K7MW/dp/B07FPFQZ2M/ref=sr_1_81?dchild=1&keywords=dell+laptop&qid=1594146125&sr=8-81
"Dell Premium Inspiron 5575 15.6-inch Touchscreen FHD (1920 x 1080) Display Laptop PC, AMD Quad-Core Ryzen 5 2500U up to 3.6 GHz, HDMI, MaxxAudio Pro, Bluetooth, Backlit Keyboard, Windows 10",$604.99,3.2 out of 5 stars,https://www.amazon.com/Dell-Inspiron-5575-Touchscreen-FHD/dp/B07TXJR72G/ref=sr_1_82?dchild=1&keywords=dell+laptop&qid=1594146125&sr=8-82
"2019 Dell Inspiron 15 15.6"" Touchscreen Premium Laptop Computer, Intel Core i3-7130U 2.7GHz, 8GB DDR4 RAM, 128GB SSD, Intel HD Graphics 620, WiFi, Bluetooth, USB 3.0, HDMI, Windows 10 Home",$0,4.4 out of 5 stars,https://www.amazon.com/Dell-Inspiron-15-Touchscreen-Bluetooth/dp/B07PMN85SH/ref=sr_1_83?dchild=1&keywords=dell+laptop&qid=1594146125&sr=8-83
"Dell Latitude 7390 YCC64 Laptop (Windows 10 Pro, Intel i7-8650U, 13.3"" LCD Screen, Storage: 512 GB, RAM: 16 GB) Black",$0,5.0 out of 5 stars,https://www.amazon.com/Dell-Latitude-YCC64-Windows-i7-8650U/dp/B07B312369/ref=sr_1_84?dchild=1&keywords=dell+laptop&qid=1594146125&sr=8-84
"LG Gram Laptop - 14"" Full HD IPS Display, Intel 10th Gen Core i7-1065G7 CPU, 16GB RAM, 512GB M.2 MVMe SSD, Thunderbolt 3, 18.5 Hour Battery Life - 14Z90N (2020)","$1,299.00",4.2 out of 5 stars,https://www.amazon.com/gp/slredirect/picassoRedirect.html/ref=pa_sp_btf_aps_sr_pg5_1?ie=UTF8&adId=A0148824MP5IU3W5ST0O&url=%2FLG-Gram-Laptop-i7-1065G7-Thunderbolt%2Fdp%2FB084QDV1YW%2Fref%3Dsr_1_85_sspa%3Fdchild%3D1%26keywords%3Ddell%2Blaptop%26qid%3D1594146125%26sr%3D8-85-spons%26psc%3D1&qualifier=1594146125&id=4583356517891442&widgetName=sp_btf
Dell UltraSharp 27-inch USB-C Monitor (2719DC),$430.99,4.2 out of 5 stars,https://www.amazon.com/gp/slredirect/picassoRedirect.html/ref=pa_sp_btf_aps_sr_pg5_1?ie=UTF8&adId=A03969853386SYZCOUJH2&url=%2FDell-Ultrasharp-U2719DC-Performance-Compatible%2Fdp%2FB07JQTNCGB%2Fref%3Dsr_1_86_sspa%3Fdchild%3D1%26keywords%3Ddell%2Blaptop%26qid%3D1594146125%26sr%3D8-86-spons%26psc%3D1&qualifier=1594146125&id=4583356517891442&widgetName=sp_btf
